Date,Open,High,Low,Close,Volume,Dividends,Stock Splits,SMA_20,RSI_14,MACD,MACD_Signal,MACD_Hist,Signal
2025-06-13 00:00:00-04:00,198.94075911963023,199.57822954037988,194.92668495173118,195.67372131347656,51447300,0.0,0.0,203.98076248168945,72.66626747862338,1.6985312057712179,3.648190519448412,-1.949659313677194,-1
2025-06-16 00:00:00-04:00,196.52034075556938,197.90484734187737,195.78325951163526,197.6359100341797,43020700,0.0,0.0,203.98076248168945,72.66626747862338,1.6985312057712179,3.648190519448412,-1.949659313677194,-1
2025-06-17 00:00:00-04:00,196.42074594971083,197.60604600468164,194.43861931524052,194.86691284179688,38856200,0.0,0.0,203.98076248168945,72.66626747862338,1.6985312057712179,3.648190519448412,-1.949659313677194,-1
2025-06-18 00:00:00-04:00,195.16573699325735,196.7893008408277,194.2991796996429,195.80320739746094,45394700,0.0,0.0,203.98076248168945,72.66626747862338,1.6985312057712179,3.648190519448412,-1.949659313677194,-1
2025-06-20 00:00:00-04:00,197.45666110928434,200.90298042554332,196.08210930882012,200.20574951171875,96813500,0.0,0.0,203.98076248168945,72.66626747862338,1.6985312057712179,3.648190519448412,-1.949659313677194,-1
2025-06-23 00:00:00-04:00,200.83325703321927,201.50060768152076,198.17380945321412,200.70376586914062,55814300,0.0,0.0,203.98076248168945,72.66626747862338,1.6985312057712179,3.648190519448412,-1.949659313677194,-1
2025-06-24 00:00:00-04:00,201.78945874554142,202.63610603642124,199.4089034764897,199.50851440429688,54064000,0.0,0.0,203.98076248168945,72.66626747862338,1.6985312057712179,3.648190519448412,-1.949659313677194,-1
2025-06-25 00:00:00-04:00,200.65396860223956,202.8651975026319,199.82724651799433,200.76353454589844,39525700,0.0,0.0,203.98076248168945,72.66626747862338,1.6985312057712179,3.648190519448412,-1.949659313677194,-1
2025-06-26 00:00:00-04:00,200.63404307360597,201.8392684520338,198.67184150130464,200.20574951171875,50799100,0.0,0.0,203.98076248168945,72.66626747862338,1.6985312057712179,3.648190519448412,-1.949659313677194,-1
2025-06-27 00:00:00-04:00,201.09222774816857,202.41697405518968,199.20969672208463,200.28543090820312,73188600,0.0,0.0,203.98076248168945,72.66626747862338,1.6985312057712179,3.648190519448412,-1.949659313677194,-1
2025-06-30 00:00:00-04:00,201.211736268348,206.57048164253425,198.4726031076903,204.3592529296875,91912800,0.0,0.0,203.98076248168945,72.66626747862338,1.6985312057712179,3.648190519448412,-1.949659313677194,-1
2025-07-01 00:00:00-04:00,205.85332972802502,209.35942450018746,205.3254252695324,206.99879455566406,78788900,0.0,0.0,203.98076248168945,72.66626747862338,1.6985312057712179,3.648190519448412,-1.949659313677194,-1
2025-07-02 00:00:00-04:00,208.08449026524102,212.49697770796604,207.31752868499885,211.6005401611328,67941800,0.0,0.0,203.98076248168945,72.66626747862338,1.6985312057712179,3.648190519448412,-1.949659313677194,-1
2025-07-03 00:00:00-04:00,211.31166931275297,213.8017903991559,210.97301649264048,212.70614624023438,34955800,0.0,0.0,203.98076248168945,72.66626747862338,1.6985312057712179,3.648190519448412,-1.949659313677194,-1
2025-07-07 00:00:00-04:00,211.83958469799765,215.37555986284275,207.97492690746134,209.12037658691406,50229000,0.0,0.0,203.98076248168945,72.66626747862338,1.6985312057712179,3.648190519448412,-1.949659313677194,-1
2025-07-08 00:00:00-04:00,209.26977065111936,210.59450162142676,207.6262817055446,209.18011474609375,42848900,0.0,0.0,203.98076248168945,72.72542231913407,1.6985312057712179,3.648190519448412,-1.949659313677194,-1
2025-07-09 00:00:00-04:00,208.70202548866368,210.49491569520316,206.40115605631001,210.3056640625,48749400,0.0,0.0,203.98076248168945,73.87273722736856,1.6985312057712179,3.648190519448412,-1.949659313677194,-1
2025-07-10 00:00:00-04:00,209.67816220166208,212.63642743345136,209.2000631819418,211.57066345214844,44443600,0.0,0.0,203.98076248168945,75.1385279620766,1.6985312057712179,3.648190519448412,-1.949659313677194,-1
2025-07-11 00:00:00-04:00,209.73792710960444,211.29176024279,209.03072603053,210.32559204101562,39765800,0.0,0.0,203.98076248168945,71.46848455362556,1.6985312057712179,3.648190519448412,-1.949659313677194,-1
2025-07-14 00:00:00-04:00,209.10042946873696,210.07656782568804,206.719874444485,207.7956085205078,38840100,0.0,0.0,203.98076248168945,64.56721935533108,1.6985312057712179,3.648190519448412,-1.949659313677194,-1
2025-07-15 00:00:00-04:00,208.39325734338402,211.05270487364396,208.09443976951917,208.28369140625,42296300,0.0,0.0,204.61126098632812,65.2640919261699,1.6985312057712179,3.648190519448412,-1.949659313677194,-1
2025-07-16 00:00:00-04:00,209.4689902412225,211.5606828488181,207.8155461810567,209.3295440673828,47490500,0.0,0.0,205.1959426879883,66.77212980380294,1.6985312057712179,3.648190519448412,-1.949659313677194,-1
2025-07-17 00:00:00-04:00,209.7379389650813,210.9630743588066,208.7618004967043,209.1901092529297,48068100,0.0,0.0,205.91210250854493,66.35849646921217,1.6985312057712179,3.648190519448412,-1.949659313677194,-1
2025-07-18 00:00:00-04:00,210.0367321724359,210.95309492429405,208.87135730762196,210.3455047607422,48974600,0.0,0.0,206.63921737670898,68.12076593169311,1.6985312057712179,3.648190519448412,-1.949659313677194,-1
2025-07-21 00:00:00-04:00,211.26189276464606,214.92734394651046,210.79374875413163,211.640380859375,51377400,0.0,0.0,207.2109489440918,70.01643453315563,1.6985312057712179,3.648190519448412,-1.949659313677194,-1
2025-07-22 00:00:00-04:00,212.29774941522606,214.10059453691545,211.39134174900357,213.55276489257812,46404100,0.0,0.0,207.85339889526367,72.6071697158947,1.6985312057712179,3.648190519448412,-1.949659313677194,-1
2025-07-23 00:00:00-04:00,214.15043456376964,214.29983576430007,211.5706725113145,213.3037872314453,46989300,0.0,0.0,208.54316253662108,71.73809019622797,1.6985312057712179,3.648190519448412,-1.949659313677194,-1
2025-07-24 00:00:00-04:00,213.05475989741393,214.83769515517375,212.68622683006964,212.91531372070312,46022600,0.0,0.0,209.15075149536133,70.32370576638768,1.6985312057712179,3.648190519448412,-1.949659313677194,-1
2025-07-25 00:00:00-04:00,213.85160291428238,214.38947759784276,212.5567368669443,213.03485107421875,40268800,0.0,0.0,209.79220657348634,70.51633669074977,1.6985312057712179,3.648190519448412,-1.949659313677194,-1
2025-07-28 00:00:00-04:00,213.18425263148458,214.00101967144602,212.2180844005514,213.2041778564453,37858000,0.0,0.0,210.43814392089843,70.80542148738716,1.6985312057712179,3.648190519448412,-1.949659313677194,-1
2025-07-29 00:00:00-04:00,213.33363944545516,213.96115480223384,209.9869314052821,210.43515014648438,51411700,0.0,0.0,210.74193878173827,60.379393526800975,1.6985312057712179,3.648190519448412,-1.949659313677194,-1
2025-07-30 00:00:00-04:00,211.06265157316113,211.55072076453234,206.89917652304968,208.2239227294922,45512500,0.0,0.0,210.80319519042968,53.59283087239978,1.6985312057712179,3.648190519448412,-1.949659313677194,-1
2025-07-31 00:00:00-04:00,207.66614913739534,209.01080544085684,206.3414028602417,206.74978637695312,80698400,0.0,0.0,210.5606575012207,49.59104961553311,1.6985312057712179,3.648190519448412,-1.949659313677194,-1
2025-08-01 00:00:00-04:00,210.03674932642843,212.7360475386617,200.7037794341265,201.58030700683594,104434500,0.0,0.0,210.00436553955078,38.68273502032943,1.6985312057712179,3.648190519448412,-1.949659313677194,-1
2025-08-04 00:00:00-04:00,203.70185234439666,207.05854577965718,200.88303355505576,202.54644775390625,75109300,0.0,0.0,209.6756690979004,41.28230566231653,1.0644278649231182,3.131437988543353,-2.0670101236202347,-1
2025-08-05 00:00:00-04:00,202.59624780213056,204.52858421879685,201.36115745633876,202.11814880371094,44155100,0.0,0.0,209.32257080078125,40.46332858073221,0.5213267230473662,2.6094157354441556,-2.0880890123967895,-1
2025-08-06 00:00:00-04:00,204.81746371165528,214.5289368613384,204.77761325937152,212.4073486328125,108483100,0.0,0.0,209.4276550292969,60.65636292772396,0.910669954690718,2.2696665792934683,-1.3589966246027503,-1
2025-08-07 00:00:00-04:00,218.01508808955717,219.97730473834642,215.7241736307253,219.16053771972656,90224800,0.0,0.0,209.8071487426758,68.26444406646789,1.7440488815190918,2.164543039738593,-0.4204941582195012,-1
2025-08-08 00:00:00-04:00,219.95738825778145,230.08719950298993,218.38362983130105,228.4437255859375,113854000,0.0,0.0,210.7130554199219,75.3274248379769,3.117645091221732,2.3551634500352208,0.7624816411865112,1
2025-08-11 00:00:00-04:00,227.27701087414155,228.91238364576833,224.12592192869855,226.53909301757812,61806100,0.26,0.0,211.65022964477538,71.79684510017792,4.006359237629937,2.685402607554164,1.3209566300757727,1
2025-08-12 00:00:00-04:00,227.36676338645532,230.14890113463383,226.42942796921326,229.00213623046875,55626200,0.0,0.0,212.68615188598633,73.52496904825689,4.853470813905346,3.1190162488244004,1.734454565080946,1
2025-08-13 00:00:00-04:00,230.4181341091737,234.33703985510917,229.77992501054072,232.6717529296875,69878500,0.0,0.0,213.85326232910157,75.89481949150702,5.754584967176697,3.64612999249486,2.1084549746818375,1
2025-08-14 00:00:00-04:00,233.39969406647393,234.4567012802976,230.19875827485632,232.12330627441406,51916300,0.0,0.0,214.9999221801758,74.81690925021772,6.3512560382116305,4.187155201638214,2.1641008365734162,1
2025-08-15 00:00:00-04:00,233.3398655982593,233.61907447658757,228.69300821277216,230.93666076660156,56038700,0.0,0.0,216.02947998046875,72.42027412107795,6.651693206767192,4.680062802664009,1.9716304041031822,1
2025-08-18 00:00:00-04:00,231.04634466466607,232.46233685580373,229.46083388892833,230.23863220214844,37476200,0.0,0.0,216.95939254760742,70.97990289375423,6.755592490872715,5.09516874030575,1.6604237505669648,1
2025-08-19 00:00:00-04:00,230.62753117126795,232.2130419457167,228.70298322789472,229.90956115722656,39402600,0.0,0.0,217.77723236083983,70.27034551517856,6.733757573230861,5.422886506890772,1.3108710663400887,1
2025-08-20 00:00:00-04:00,229.33119207499826,229.81981519856654,225.13307755654054,225.3723907470703,42263900,0.0,0.0,218.3806625366211,61.18799157940711,6.277972946083253,5.593903794729268,0.6840691513539845,1
2025-08-21 00:00:00-04:00,225.63166356522294,225.88095827873425,223.14868274098328,224.26551818847656,30621200,0.0,0.0,218.94817276000975,59.178494145035245,5.7610353509534775,5.62733010597411,0.13370524497936742,1
2025-08-22 00:00:00-04:00,225.53195134940427,228.44371192910324,224.77410085849388,227.11746215820312,42477800,0.0,0.0,219.65230331420898,62.58777548485476,5.517879940947324,5.605440072968753,-0.08756013202142832,-1
2025-08-25 00:00:00-04:00,225.84107546750252,228.65312729963858,225.59178073979155,226.5191650390625,30983100,0.0,0.0,220.31805267333985,61.42871563672507,5.216764337382045,5.5277049258514115,-0.3109405884693661,-1
2025-08-26 00:00:00-04:00,226.22996704217394,228.84258604761433,224.05612439304167,228.6630859375,54575100,0.0,0.0,221.2294494628906,64.00135565506785,5.092422277058006,5.4406483960927305,-0.34822611903472467,-1
2025-08-27 00:00:00-04:00,227.96508141122786,230.24861452224957,227.61606269083353,229.83978271484375,31259500,0.0,0.0,222.31024246215821,65.36672144207138,5.030837530813784,5.358686223036941,-0.3278486922231574,-1
2025-08-28 00:00:00-04:00,230.16883391080088,232.7515235304584,228.692998228932,231.90391540527344,38074700,0.0,0.0,223.5679489135742,67.68230759779475,5.089916049308414,5.304932188291236,-0.215016138982822,-1
2025-08-29 00:00:00-04:00,231.85405874294378,232.7216147258446,230.71727541448905,231.485107421875,39418400,0.0,0.0,225.06318893432618,66.70775410861202,5.044788712709078,5.252903493174804,-0.20811478046572596,-1
2025-09-02 00:00:00-04:00,228.60325464814514,230.19874691737337,226.3296880547272,229.07192993164062,44075600,0.0,0.0,226.38946304321288,61.236349709923786,4.759437880395097,5.154210370618863,-0.39477249022376526,-1
2025-09-03 00:00:00-04:00,236.5408165177042,238.17618932549604,233.69885053091846,237.79725646972656,66427800,0.0,0.0,228.17341842651368,70.61966560295254,5.177671249792468,5.158902546453584,0.018768703338883697,1
2025-09-04 00:00:00-04:00,237.7772812570227,239.22318747047024,236.07211403385233,239.10353088378906,47549400,0.0,0.0,229.5082275390625,71.72323294344451,5.550546392752182,5.237231315713304,0.31331507703887773,1
2025-09-05 00:00:00-04:00,239.3229322237051,240.63921565449175,237.8171975861315,239.01380920410156,54870400,0.0,0.0,230.50089111328126,71.5245115317339,5.772273662585974,5.344239785087838,0.4280338774981356,1
2025-09-08 00:00:00-04:00,238.62491556233425,239.47250850410185,235.6732593017711,237.20892333984375,48999500,0.0,0.0,230.93915100097655,67.47445378507796,5.736231213454147,5.4226380707611,0.3135931426930467,1
2025-09-09 00:00:00-04:00,236.33140663047269,238.10638391026913,232.70167593051625,233.6888885498047,66313900,0.0,0.0,231.2966407775879,60.3027059470071,5.361822175032046,5.410474891615289,-0.048652716583243105,-1
2025-09-10 00:00:00-04:00,231.53496736029473,231.76431424305812,225.31256565050364,226.1501922607422,83440800,0.0,0.0,231.15404357910157,48.430343253531156,4.4060008919552445,5.20958009168328,-0.8035791997280359,-1
2025-09-11 00:00:00-04:00,226.23996538709508,229.7998863317909,226.01060327291316,229.38107299804688,50208600,0.0,0.0,230.98950958251953,52.72602265135301,3.8646613028685977,4.940596333920344,-1.0759350310517464,-1
2025-09-12 00:00:00-04:00,228.57335925244223,233.84842918261825,228.373926506362,233.40968322753906,55824200,0.0,0.0,231.05382843017577,57.48189833414587,3.717863736530944,4.696049814442464,-0.9781860779115199,-1
2025-09-15 00:00:00-04:00,236.33139853346725,237.5180438551372,234.36695488957946,236.03224182128906,42699500,0.0,0.0,231.30860748291016,60.28306355303573,3.769689534069471,4.510777758367865,-0.7410882242983945,-1
2025-09-16 00:00:00-04:00,236.51088466190768,240.53949594661788,235.65332541334,237.4781494140625,63421100,0.0,0.0,231.67058334350585,61.778184057628536,3.882677422344301,4.385157691163153,-0.5024802688188519,-1
2025-09-17 00:00:00-04:00,238.2958480596019,239.42266510979977,237.05934071942244,238.3157958984375,46508000,0.0,0.0,232.0908950805664,62.655255288407155,3.993774462653988,4.30688104546132,-0.3131065828073316,-1
2025-09-18 00:00:00-04:00,239.29302360434258,240.51954939992544,235.98238232851827,237.20892333984375,44249600,0.0,0.0,232.68272171020507,60.673967877060974,3.9470056780212985,4.2349059719733155,-0.287900293952017,-1
2025-09-19 00:00:00-04:00,240.5494606794321,245.60516498271895,239.53234916144805,244.8074188232422,163741300,0.0,0.0,233.70981674194337,68.12553409397249,4.471531134001594,4.282231004378971,0.1893001296226231,1
2025-09-22 00:00:00-04:00,247.5995237986898,255.9160073848096,247.42002368458668,255.35755920410156,105517400,0.0,0.0,235.12182159423827,75.16256541335426,5.673133146886585,4.560411432880494,1.1127217140060903,1
2025-09-23 00:00:00-04:00,255.15815615601056,256.6140289111009,252.86464151383097,253.7122344970703,60275200,0.0,0.0,236.48147506713866,72.47527559122396,6.418657161584463,4.932060578621288,1.486596582963175,1
2025-09-24 00:00:00-04:00,254.49999981420794,255.01853710208397,250.33178410429736,251.59820556640625,42303700,0.0,0.0,237.62823104858398,69.05881792903284,6.76096959844196,5.297842382585422,1.463127215856538,1
2025-09-25 00:00:00-04:00,252.49566170312627,256.4444966190252,250.99989343760635,256.14532470703125,55202100,0.0,0.0,238.94350814819336,72.10478985128105,7.314848167329558,5.701243539534249,1.6136046277953087,1
2025-09-26 00:00:00-04:00,253.38317016390945,256.8732963908738,253.06406560531616,254.7393341064453,46076300,0.0,0.0,240.08527908325195,69.81615917581588,7.553279725615511,6.071650776750501,1.4816289488650094,1
2025-09-29 00:00:00-04:00,253.8418726304012,254.28063380560434,252.29624220529692,253.7122344970703,40127700,0.0,0.0,241.1966354370117,68.11528950852151,7.5720739437456075,6.3717354101495225,1.200338533596085,1
2025-09-30 00:00:00-04:00,254.1410137555297,255.1980209495745,252.39595068950493,253.9116668701172,37704300,0.0,0.0,242.43862228393556,68.27689590100083,7.5164164527373885,6.6006716186670955,0.915744834070293,1
2025-10-01 00:00:00-04:00,254.32049261064776,258.0599285933123,254.21080232618834,254.72933959960938,48713900,0.0,0.0,243.28522644042968,68.97129359174869,7.4523804430153575,6.771013383536748,0.6813670594786094,1
2025-10-02 00:00:00-04:00,255.85613542550084,257.45162766856953,253.43299812845933,256.40460205078125,42630200,0.0,0.0,244.1502799987793,70.40084547405382,7.450921537565762,6.9069950143425505,0.5439265232232113,1
2025-10-03 00:00:00-04:00,253.9515436206674,258.5086431914624,253.23357360959045,257.2920837402344,49155600,0.0,0.0,245.06419372558594,71.15891506436785,7.435663993850056,7.0127288102440515,0.4229351836060049,1
2025-10-06 00:00:00-04:00,257.262186546101,258.339156849437,254.33049322602108,255.9658660888672,44664100,0.0,0.0,246.0020408630371,68.34210099589681,7.233178025942664,7.056818653383774,0.17635937255889012,1
2025-10-07 00:00:00-04:00,256.0855101139428,256.6738420114173,254.70939836699205,255.75645446777344,31955800,0.0,0.0,247.10541915893555,67.88514511372072,6.975400593837435,7.040535041474506,-0.06513444763707099,-1
2025-10-08 00:00:00-04:00,255.7963062732735,257.7906639625656,255.3874592951906,257.33197021484375,36496900,0.0,0.0,248.6645080566406,69.5355335625053,6.819628641454756,6.996353761470556,-0.1767251200158002,-1
2025-10-09 00:00:00-04:00,257.08267167133846,257.27213808351553,252.42584836214985,253.32330322265625,38322000,0.0,0.0,249.8616195678711,60.95262405590452,6.300088820223124,6.857100773221069,-0.5570119529979456,-1
2025-10-10 00:00:00-04:00,254.2207817432353,255.6567217403356,243.3116425485481,244.57806396484375,61999100,0.0,0.0,250.42003860473633,47.25043507743163,5.123620144045532,6.510404647385962,-1.3867845033404302,-1
2025-10-13 00:00:00-04:00,248.67648318296307,248.98560621270488,244.86725241658198,246.96133422851562,38142900,0.0,0.0,250.96649322509765,50.51522631568876,4.333615018284235,6.0750467215656165,-1.741431703281382,-1
2025-10-14 00:00:00-04:00,245.90431694508948,248.14796941642882,244.00966795095763,247.07101440429688,35478000,0.0,0.0,251.44613647460938,50.66655369687126,3.674028623026061,5.594843101857705,-1.9208144788316446,-1
2025-10-15 00:00:00-04:00,248.78616738422895,251.10959602979932,246.77186176083558,248.63658142089844,33893600,0.0,0.0,251.96217575073243,52.881511646312795,3.240277920110799,5.123930065508324,-1.8836521453975248,-1
2025-10-16 00:00:00-04:00,247.54965348458146,248.33741809379524,244.43846029169785,246.7519073486328,39777000,0.0,0.0,252.43932495117187,49.972759994399205,2.71317413377011,4.641778879160681,-1.9286047453905706,-1
2025-10-17 00:00:00-04:00,247.3203043073955,252.66518358811555,246.57242016484557,251.5782470703125,49147000,0.0,0.0,252.7778663635254,56.56204731906382,2.6542888757309697,4.244280878474738,-1.5899920027437684,-1
2025-10-20 00:00:00-04:00,255.168106265739,263.63416054313814,254.90884523128253,261.50018310546875,90483000,0.0,0.0,253.08499755859376,66.36901435255864,3.369398868667389,4.069304476513269,-0.6999056078458796,-1
2025-10-21 00:00:00-04:00,261.141213133835,264.5415968076956,261.0913359303388,262.0286865234375,46695900,0.0,0.0,253.5008201599121,66.79899866443225,3.9334323395676165,4.042130049124138,-0.10869770955652136,-1
2025-10-22 00:00:00-04:00,261.9090501595624,262.1084981259862,254.70941678507808,257.7209167480469,45015300,0.0,0.0,253.80695571899415,60.05871159018432,3.9868737111583528,4.031078781530981,-0.04420507037262844,-1
2025-10-23 00:00:00-04:00,259.206686997747,259.8847613495841,257.28213901467177,258.8476867675781,32754900,0.0,0.0,253.94207382202148,61.16260221853054,4.073194061271465,4.039501837479078,0.033692223792387566,1
2025-10-24 00:00:00-04:00,260.4531458541269,263.3848541030092,258.44880663072195,262.07855224609375,38253700,0.0,0.0,254.3090347290039,64.21650371230182,4.352138657950832,4.102029201573428,0.25010945637740356,1
2025-10-27 00:00:00-04:00,264.13273028939324,268.3607587413759,263.9033682058253,268.0516357421875,44888200,0.0,0.0,255.02600479125977,69.06029539616779,4.9975732657731555,4.281138014413374,0.7164352513597816,1
2025-10-28 00:00:00-04:00,268.23110734142335,269.12859257872884,267.39348082722177,268.2410888671875,41534800,0.0,0.0,255.7424758911133,69.20269320148994,5.461416318730556,4.51719367527681,0.9442226434537462,1
2025-10-29 00:00:00-04:00,268.5203194424725,270.6443152614699,266.35642794866993,268.93914794921875,51086700,0.0,0.0,256.4529663085938,69.75504424437698,5.8182733802269695,4.7774096162668425,1.040863763960127,1
2025-10-30 00:00:00-04:00,271.2226702585742,273.36662916750566,267.72259312931254,270.63433837890625,69886500,0.0,0.0,257.164453125,71.11010687173376,6.166786002511458,5.055284893515766,1.111501108995692,1
2025-10-31 00:00:00-04:00,276.2085578376442,276.53764389728985,268.4006608909581,269.60723876953125,86167100,0.0,0.0,257.7802108764648,69.09033432961417,6.287626566772701,5.301753228167152,0.9858733386055487,1
2025-11-03 00:00:00-05:00,269.6571458353552,270.08592548154905,265.4988962118729,268.2909851074219,50194600,0.0,0.0,258.3964668273926,66.48417404604112,6.20564806639004,5.48253219581173,0.7231158705783098,1
2025-11-04 00:00:00-05:00,267.5730004152706,270.72408938596277,266.86501191822913,269.2781982421875,49274800,0.0,0.0,259.07255401611326,67.47513235090996,6.149452305428895,5.615916217735164,0.5335360876937312,1
2025-11-05 00:00:00-05:00,267.8521863717013,270.93349568379296,266.17693326929896,269.3778991699219,43683100,0.0,0.0,259.6748504638672,67.57938800605667,6.043298409390559,5.7013926560662425,0.3419057533243164,1
2025-11-06 00:00:00-05:00,267.1342708755924,272.6287059365568,267.1342708755924,269.0089416503906,51204000,0.0,0.0,260.4591323852539,66.72698022680042,5.861827396299418,5.733479604112878,0.12834779218654013,1
2025-11-07 00:00:00-05:00,269.03885049148494,271.5218466038475,266.0173996929098,267.7126159667969,48227400,0.0,0.0,261.61585998535156,63.68743004765257,5.549437204487788,5.69667112418786,-0.1472339197000725,-1
2025-11-10 00:00:00-05:00,268.46119877683986,273.2223721938244,266.9639805623884,268.9303283691406,41312400,0.26,0.0,262.7143096923828,65.28704240775144,5.338585055483463,5.625053910446981,-0.2864688549635179,-1
2025-11-11 00:00:00-05:00,269.3096487524697,275.3983427074405,269.2996575494418,274.73956298828125,46208300,0.0,0.0,264.09773712158204,71.69331780826053,5.575963654166685,5.615235859190922,-0.03927220502423712,-1
2025-11-12 00:00:00-05:00,274.49005224267427,275.2187095291286,271.19618380015726,272.962890625,48398000,0.0,0.0,265.3140525817871,67.5852373248925,5.556671442911238,5.603522975934985,-0.046851533023747116,-1
2025-11-13 00:00:00-05:00,273.6016390736082,276.1868626363035,271.58539619817094,272.4438171386719,49602800,0.0,0.0,266.59864807128906,66.38833631721258,5.4368249999366185,5.570183380735312,-0.13335838079869333,-1
2025-11-14 00:00:00-05:00,270.5473523374902,275.4482508823214,269.10005949599775,271.90484619140625,47431300,0.0,0.0,267.61497802734374,65.09918722078703,5.237975261072847,5.503741756802819,-0.2657664957299719,-1
2025-11-17 00:00:00-05:00,268.3214829895084,269.98836893107386,265.237217022597,266.9639892578125,45018300,0.0,0.0,267.88816833496094,54.626940867610394,4.628346846906311,5.328662774823518,-0.7003159279172069,-1
2025-11-18 00:00:00-05:00,269.48928956232544,270.20795552947055,264.8279672087311,266.94403076171875,45677300,0.0,0.0,268.133935546875,54.588739618041636,4.096380923333527,5.08220640452552,-0.9858254811919931,-1
2025-11-19 00:00:00-05:00,265.0376012369211,271.70520656667077,265.0076580872151,268.0619812011719,40424500,0.0,0.0,268.65098876953124,56.426839760532985,3.722097332532485,4.810184590126913,-1.0880872575944283,-1
2025-11-20 00:00:00-05:00,270.327749378444,274.91922505965954,265.42688147061517,265.7562561035156,45823600,0.0,0.0,268.9964172363281,51.77233946480926,3.202505652946172,4.488648802690765,-1.2861431497445928,-1
2025-11-21 00:00:00-05:00,265.4568071090486,272.8230952896135,265.17732758833057,270.98651123046875,59030800,0.0,0.0,269.4418151855469,59.860648191914464,3.1761506929936445,4.2261491807513405,-1.049998487757696,-1
2025-11-24 00:00:00-05:00,270.397645153795,276.48633959077114,270.397645153795,275.4083557128906,65585800,0.0,0.0,269.80965118408204,65.17784188877488,3.4720465013950843,4.07532864488009,-0.6032821434850053,-1
2025-11-25 00:00:00-05:00,274.75950033189645,279.8600396675645,274.7395483878858,276.45635986328125,46914200,0.0,0.0,270.22041473388674,66.3167034548681,3.7479076908986144,4.009844454083795,-0.26193676318518033,-1
2025-11-26 00:00:00-05:00,276.4464065684995,279.0116481613461,276.11703191175064,277.0353088378906,33431400,0.0,0.0,270.62522277832034,66.95957303277785,3.9675110175052737,4.0013777667680905,-0.03386674926281685,-1
2025-11-28 00:00:00-05:00,276.7458380127342,278.4826014787427,275.4781737009374,278.3328857421875,20135600,0.0,0.0,271.01015014648436,68.41460360460786,4.1978615134230495,4.040674516099083,0.1571869973239668,1
2025-12-01 00:00:00-05:00,277.4944549964911,282.89442609469603,275.62792768573877,282.57501220703125,46587700,0.0,0.0,271.6585388183594,72.65443474640453,4.668899921797163,4.166319597238699,0.5025803245584637,1
2025-12-02 00:00:00-05:00,282.47518456741903,286.86701880065203,282.10587559562896,285.6592712402344,53669500,0.0,0.0,272.526953125,75.2551834169669,5.230778028764064,4.379211283543772,0.8515667452202917,1
2025-12-03 00:00:00-05:00,285.6692634925469,288.0847586222564,282.77461708045536,283.623046875,43538700,0.0,0.0,273.24419555664065,70.48877851153388,5.4489520603147525,4.593159438897969,0.8557926214167839,1
2025-12-04 00:00:00-05:00,283.5731318378766,284.20196835267484,278.07334059490756,280.179443359375,43989100,0.0,0.0,273.7842727661133,63.19866012240626,5.283086396490432,4.731144830416461,0.551941566073971,1
2025-12-05 00:00:00-05:00,280.01974631085085,280.6186397013617,277.53434330937836,278.26300048828125,47265800,0.0,0.0,274.2469757080078,59.50997341273884,4.940049919201897,4.772925848173548,0.1671240710283488,1
2025-12-08 00:00:00-05:00,277.6142094762677,279.15136205700173,275.6378704438954,277.3746643066406,38211800,0.0,0.0,274.730078125,57.825178512627275,4.544127856475143,4.727166249833867,-0.18303839335872407,-1
2025-12-09 00:00:00-05:00,277.6441787437343,279.5107061083118,276.4064879695729,276.6659851074219,32193300,0.0,0.0,275.1168609619141,56.45210298697385,4.12561476173471,4.606855952214035,-0.48124119047932545,-1
2025-12-10 00:00:00-05:00,277.23491184461454,279.2312028389952,275.92734368017386,278.26300048828125,33038300,0.0,0.0,275.29303283691405,58.824877353225844,3.8781015724570125,4.461105076262631,-0.5830035038056183,-1
2025-12-11 00:00:00-05:00,278.5824273392719,279.07150890817053,273.3022288840155,277.514404296875,33248000,0.0,0.0,275.52060852050784,57.25020748410533,3.5802690177545173,4.284937864561008,-0.7046688468064906,-1
2025-12-12 00:00:00-05:00,277.38461586894516,278.70217518025987,276.30663218031253,277.763916015625,39532900,0.0,0.0,275.78661346435547,57.65706047159858,3.326027705819456,4.093155832812697,-0.7671281269932413,-1
2025-12-15 00:00:00-05:00,279.63046152672615,279.63046152672615,272.33402020742307,273.6016540527344,50409100,0.0,0.0,275.8714538574219,49.2386055794305,2.756900051784271,3.825904676607012,-1.0690046248227412,-1
2025-12-16 00:00:00-05:00,272.3140798989353,274.9891026980292,271.2859911871425,274.1007385253906,37648600,0.0,0.0,276.2282913208008,50.177962646045074,2.319397659099252,3.52460327310546,-1.205205614006208,-1
2025-12-17 00:00:00-05:00,274.50001118897205,275.6478724530811,271.13626563598973,271.33587646484375,50138700,0.0,0.0,276.44788360595703,45.188961351961595,1.729634450210085,3.165609508526385,-1.4359750583162998,-1
2025-12-18 00:00:00-05:00,273.1025913325419,273.12257373871984,266.4549687260805,271.68524169921875,51630700,0.0,0.0,276.62904663085936,45.92064441246873,1.2757279155010792,2.7876331899213236,-1.5119052744202444,-1
2025-12-19 00:00:00-05:00,271.6453053723066,274.09077415448866,269.399477884542,273.1625061035156,144632000,0.0,0.0,276.9993591308594,49.019640939897776,1.023409381635929,2.4347884282642447,-1.4113790466283156,-1
2025-12-22 00:00:00-05:00,272.3539780142796,273.37210596231955,270.00836035897595,270.4674987792969,36571800,0.0,0.0,276.9734085083008,44.05927899045838,0.5990747964006573,2.0676457018915273,-1.46857090549087,-1
2025-12-23 00:00:00-05:00,270.3377490962612,271.99467443806464,269.06012395403746,271.85491943359375,29642000,0.0,0.0,276.7957366943359,47.030934366758814,0.37046929268268514,1.7282104200497588,-1.3577411273670736,-1
2025-12-24 00:00:00-05:00,271.8349404799371,274.9192064044749,271.69521595033444,273.3022155761719,17910600,0.0,0.0,276.63802947998045,50.01393447935254,0.3025943676087195,1.443087209561551,-1.1404928419528315,-1
2025-12-26 00:00:00-05:00,273.65160578690546,274.8593534534055,272.35399820928086,272.89300537109375,21521800,0.0,0.0,276.4309143066406,49.17077114693676,0.2133240895233257,1.197134585553906,-0.9838104960305802,-1
2025-12-29 00:00:00-05:00,272.1843267483383,273.8512128461511,271.8449608988494,273.2523498535156,23715200,0.0,0.0,276.17688751220703,49.96842428870558,0.16961760142146431,0.9916311887274176,-0.8220135873059533,-1
2025-12-30 00:00:00-05:00,272.30405905646904,273.57169281796894,271.77504318392386,272.57354736328125,22139600,0.0,0.0,275.6768142700195,48.422580454649804,0.07929217589361315,0.8091633861606568,-0.7298712102670436,-1
2025-12-31 00:00:00-05:00,272.553621806917,273.17246717497864,271.24605357156486,271.3558349609375,27293600,0.0,0.0,274.9616424560547,45.691755911631475,-0.0895186730789419,0.629426974312737,-0.7189456473916789,-1
2026-01-02 00:00:00-05:00,271.7551282774649,277.32476727085935,268.5011639041959,270.5074462890625,37838100,0.0,0.0,274.3058624267578,43.83685763405328,-0.28843545822883243,0.44585448780442305,-0.7342899460332555,-1
2026-01-05 00:00:00-05:00,270.1381413175191,271.00652312062255,265.64648609237463,266.764404296875,45647200,0.0,0.0,273.63511047363284,36.74862632603829,-0.739585172942725,0.20876655565499344,-0.9483517285977184,-1
2026-01-06 00:00:00-05:00,266.5048844877732,267.05385240251036,261.63392891626114,261.87347412109375,52352100,0.0,0.0,272.8156341552734,29.9369057664612,-1.474781400225993,-0.1279430355212038,-1.346838364704789,-1
2026-01-07 00:00:00-05:00,262.7119324450406,263.1910228349833,259.3282042611396,259.84722900390625,48309800,0.0,0.0,271.9392623901367,27.65025395269096,-2.1956210018876163,-0.5414786287944863,-1.65414237309313,-1
2026-01-08 00:00:00-05:00,256.5433578451618,258.80916773471864,255.22581364132833,258.55963134765625,50419300,0.0,0.0,271.03394470214846,26.2767267225035,-2.8380743945497215,-1.0007977819455334,-1.8372766126041882,-1
2026-01-09 00:00:00-05:00,258.5995368285105,259.7274461787287,255.74485516422806,258.8890075683594,39997000,0.0,0.0,270.0652450561523,27.271986883993836,-3.282803315416402,-1.4571988886397071,-1.8256044267766947,-1
2026-01-12 00:00:00-05:00,258.679389570116,260.81540508500296,256.32375036738995,259.7673645019531,45263800,0.0,0.0,269.1778930664062,29.986411732855178,-3.523758431758381,-1.8705107972634418,-1.6532476344949392,-1
2026-01-13 00:00:00-05:00,258.24022168851656,261.3244878277737,257.9108470550362,260.5658874511719,45730800,0.0,0.0,268.31799163818357,32.454570640729294,-3.608684302666859,-2.2181454983441253,-1.3905388043227336,-1
2026-01-14 00:00:00-05:00,259.0087756526009,261.33447181199796,256.23393227813756,259.4779052734375,40019400,0.0,0.0,267.61180419921874,30.858386267376325,-3.7208876595493052,-2.5186939305851612,-1.202193728964144,-1
2026-01-15 00:00:00-05:00,260.16664839115424,260.55593980217856,256.57331808587395,257.7311706542969,39388600,0.0,0.0,266.79332580566404,28.4399951724044,-3.9057336476986393,-2.796101874007857,-1.1096317736907824,-1
2026-01-16 00:00:00-05:00,257.4217218192236,258.41986733264514,254.4572284259222,255.05612182617188,72142800,0.0,0.0,265.97933807373045,25.18477167861327,-4.219440426438723,-3.08076958449403,-1.138670841944693,-1
2026-01-20 00:00:00-05:00,252.26132447540706,254.31750190322293,242.9685916985444,246.2425079345703,80267500,0.0,0.0,264.707201385498,17.910780201197493,-5.12021760995043,-3.4886591895853103,-1.6315584203651197,-1
2026-01-21 00:00:00-05:00,248.23880604127606,251.09350304772093,244.72532928784554,247.1907501220703,54641700,0.0,0.0,263.40861358642576,20.56890433670133,-5.691961409881856,-3.9293196336446194,-1.7626417762372362,-1
2026-01-22 00:00:00-05:00,248.737864640942,250.53452965267718,247.68980878155546,247.8894500732422,39708300,0.0,0.0,262.279711151123,22.558742027835134,-6.0193064261462155,-4.347316992144939,-1.6719894340012766,-1
2026-01-23 00:00:00-05:00,246.86136630134166,248.94748685874615,244.22624741136653,247.58001708984375,41689000,0.0,0.0,261.0659660339355,22.292397091047082,-6.231861347238123,-4.724225863163576,-1.5076354840745472,-1
2026-01-26 00:00:00-05:00,251.01365072947274,256.08423219515316,249.33677343540953,254.93637084960938,55969200,0.0,0.0,260.1476737976074,40.32960032835711,-5.740542978685113,-4.927489286267884,-0.8130536924172294,-1
2026-01-27 00:00:00-05:00,258.6894015269614,261.4642450011371,257.73115984508394,257.7910461425781,49648300,0.0,0.0,259.39257583618166,45.60597555325888,-5.062464256548537,-4.9544842803240146,-0.10797997622452282,-1
2026-01-28 00:00:00-05:00,257.1721946066941,258.3799421919039,254.03801819206552,255.96444702148438,41288000,0.0,0.0,258.5281806945801,42.98669514443066,-4.61922570890431,-4.887432566040074,0.2682068571357643,1
2026-01-29 00:00:00-05:00,257.52154586161765,259.16847988830324,253.93820707645818,257.801025390625,67253000,0.0,0.0,257.78955459594727,46.32469033893903,-4.072810615531864,-4.724508175938432,0.6516975604065678,1
2026-01-30 00:00:00-05:00,254.6968198516284,261.4143357105436,251.71235892004358,258.99884033203125,92443400,0.0,0.0,257.171704864502,48.44474648295678,-3.5027416369024422,-4.480154868131234,0.977413231228792,1
2026-02-02 00:00:00-05:00,259.5477742456141,269.98836769074944,258.72928762151224,269.50927734375,73913400,0.0,0.0,257.12179641723634,62.45722372107956,-2.1777496938858576,-4.019673833282159,1.8419241393963013,1
2026-02-03 00:00:00-05:00,268.70080609664296,271.3758289780004,267.11372779647115,268.98028564453125,64394700,0.0,0.0,257.23259048461915,61.55047661054086,-1.1570317009314977,-3.4471454068120266,2.290113705880529,1
2026-02-04 00:00:00-05:00,271.7850411492978,278.432693698261,271.7850411492978,275.97723388671875,90545700,0.0,0.0,257.9377784729004,68.13924266030969,0.21402278809250674,-2.71491176783112,2.9289345559236266,1
2026-02-05 00:00:00-05:00,277.6142303156022,278.98168486317746,272.72332314901723,275.3983459472656,52977400,0.0,0.0,258.71533432006834,67.11453441281215,1.2395926770513483,-1.9240108788546262,3.1636035559059748,1
2026-02-06 00:00:00-05:00,276.6060720438839,280.3890519626743,276.4164219647768,277.6042175292969,50453400,0.0,0.0,259.6675636291504,69.02601719288792,2.2049424008472442,-1.098220222914252,3.303162623761496,1
2026-02-09 00:00:00-05:00,277.6541982366954,277.9439398399519,271.4499228389202,274.3672180175781,44623400,0.26,0.0,260.4414741516113,63.218902071238695,2.677920800027721,-0.34299201832585735,3.0209128183535783,1
2026-02-10 00:00:00-05:00,274.6369782150198,275.11651686144285,272.68876099546605,273.4280700683594,34376900,0.0,0.0,261.12450942993166,61.59969552883619,2.943052520815172,0.3142168895023486,2.6288356313128234,1
2026-02-11 00:00:00-05:00,274.44714753122867,279.92208361183503,274.1973776592452,275.24639892578125,51931300,0.0,0.0,261.8585350036621,63.546479992360915,3.2622896180832868,0.9038314352185363,2.3584581828647506,1
2026-02-12 00:00:00-05:00,275.3363333447182,275.46621856633783,259.94051360693726,261.4891052246094,81077200,0.0,0.0,261.9590950012207,44.97036540169337,2.3777791327373734,1.1986209747223038,1.1791581580150696,1
2026-02-13 00:00:00-05:00,261.7688319830923,261.9886306947134,255.21485759663088,255.5445556640625,56290700,0.0,0.0,261.84976425170896,39.58555138839748,1.1834803073915054,1.195592841256144,-0.01211253386463862,-1
2026-02-17 00:00:00-05:00,257.8124646511843,266.0449008431299,255.30478047881587,263.6371154785156,58469100,0.0,0.0,262.2788139343262,48.60741758234145,0.8798494715083507,1.1324441673065855,-0.2525946957982348,-1
2026-02-18 00:00:00-05:00,263.35737977838915,266.57441720150126,262.20844437502524,264.106689453125,34203300,0.0,0.0,263.1720230102539,49.082561199674366,0.6693941824347576,1.0398341703322198,-0.37043998789746224,-1
2026-02-19 00:00:00-05:00,262.35827847824623,264.2365527856389,259.81060750150084,260.3401184082031,30845300,0.0,0.0,263.82949142456056,45.452537809254544,0.19641193034703974,0.8711497223351838,-0.6747377919881441,-1
2026-02-20 00:00:00-05:00,258.73163460792017,264.5063132392292,257.9223826043077,264.3364562988281,42070500,0.0,0.0,264.65184173583987,49.702899396839264,0.1423996622330037,0.7253997103147478,-0.5830000480817441,-1
2026-02-23 00:00:00-05:00,263.24744081710827,269.1819753311392,263.13755670993424,265.9349670410156,37308200,0.0,0.0,265.56958923339846,51.33630649312336,0.22597609642377847,0.625514987536554,-0.3995388911127755,-1
2026-02-24 00:00:00-05:00,267.61343657617186,274.6369951599546,267.46358073991865,271.8895263671875,47014600,0.0,0.0,266.41724700927733,56.94536705546558,0.7638885640864146,0.6531897028465261,0.11069886123988848,1
2026-02-25 00:00:00-05:00,271.5298429675081,274.6869380517792,270.8005039088116,273.97760009765625,33714300,0.0,0.0,267.22657470703126,58.74126580206707,1.343194657545098,0.7911906937862405,0.5520039637588574,1
2026-02-26 00:00:00-05:00,274.6969199809464,275.8558253670768,270.55071567552415,272.6987609863281,32345100,0.0,0.0,268.06329040527345,57.16846665859543,1.6797442357609498,0.9689014021811824,0.7108428335797674,1
2026-02-27 00:00:00-05:00,272.5588900215503,272.5588900215503,262.6480379442022,263.93682861328125,72366500,0.0,0.0,268.3700805664063,47.73746200610518,1.225322727558705,1.020185667256687,0.20513706030201817,1
2026-03-02 00:00:00-05:00,262.16844722421786,266.2846497598317,259.960490133898,264.476318359375,41827900,0.0,0.0,268.6439544677734,48.302965158804426,0.8983669076862952,0.9958219153426086,-0.09745500765631332,-1
2026-03-03 00:00:00-05:00,263.23749216234586,265.31556422164516,259.8905695547566,263.5072326660156,38568900,0.0,0.0,268.3438522338867,47.312623081221524,0.5546611597953301,0.9075897642331529,-0.3529286044378227,-1
2026-03-04 00:00:00-05:00,264.4063951364299,265.9050144519466,261.179387723623,262.2783508300781,39803100,0.0,0.0,268.0087554931641,46.023992721939535,0.18102464493654224,0.7622767403738308,-0.5812520954372885,-1
2026-03-05 00:00:00-05:00,260.54995479568396,261.3192350446657,257.01320478174756,260.0504150390625,49658600,0.0,0.0,267.21241455078126,43.700125831102135,-0.2915005468422578,0.5515212829306131,-0.8430218297728709,-1
2026-03-06 00:00:00-05:00,258.39192833924307,258.53178361058343,254.13584003818684,257.2229919433594,41120000,0.0,0.0,266.30364685058595,40.879136256115785,-0.8839400688692649,0.2644290125706375,-1.1483690814399024,-1
2026-03-09 00:00:00-04:00,255.45463216869055,260.9095975388004,253.44647267699952,259.6407775878906,38218500,0.0,0.0,265.4054748535156,44.19649145968896,-1.1451569071458607,-0.01748817137266212,-1.1276687357731987,-1
2026-03-10 00:00:00-04:00,257.4128391437035,262.2384104290217,256.71350175461305,260.58990478515625,30590800,0.0,0.0,264.7166091918945,45.489561903111074,-1.2610499025135482,-0.2662005176008394,-0.9948493849127088,-1
2026-03-11 00:00:00-04:00,260.8496568052655,261.888707997661,259.3110658747261,260.5699157714844,26218900,0.0,0.0,264.0737014770508,45.46566751676872,-1.3390728839917756,-0.48077499087902664,-0.858297893112749,-1
2026-03-12 00:00:00-04:00,258.4219063383753,258.71164792954545,253.94601921584928,255.52456665039062,40794000,0.0,0.0,263.0876098632813,39.7851297961458,-1.7874199032543743,-0.7421039733540962,-1.045315929900278,-1
2026-03-13 00:00:00-04:00,255.24483747003174,256.0940459350445,249.29033192864068,249.8897705078125,36930000,0.0,0.0,262.5076431274414,34.58758975065965,-2.5678188852383528,-1.1072469557309474,-1.4605719295074053,-1
2026-03-16 00:00:00-04:00,251.87794235419486,253.6563027081548,249.6499992581203,252.58729553222656,32074200,0.0,0.0,262.3597801208496,38.71522771791181,-2.9347925143581506,-1.472756067456388,-1.4620364469017626,-1
2026-03-17 00:00:00-04:00,252.72716690012706,254.89516767044782,251.94787083452104,253.99598693847656,32361600,0.0,0.0,261.87772369384766,40.815541543389074,-3.076488293775583,-1.7935025127202269,-1.282985781055356,-1
2026-03-18 00:00:00-04:00,252.3974721128864,254.70534343896443,248.7708084606242,249.70994567871094,35757900,0.0,0.0,261.15788650512695,36.69492002946462,-3.4943502351947586,-2.1336720572151333,-1.3606781779796253,-1
2026-03-19 00:00:00-04:00,249.17043241392184,251.5982036354298,247.0723745163624,248.73085021972656,34864100,0.0,0.0,260.5774230957031,35.80563313455407,-3.8600177730894814,-2.478941200390003,-1.3810765726994783,-1
2026-03-20 00:00:00-04:00,247.7517334570195,248.97061168291066,245.77356028907465,247.76173400878906,88331100,0.0,0.0,259.74868698120116,34.903966022327175,-4.17982904298961,-2.8191187689099246,-1.3607102740796853,-1
2026-03-23 00:00:00-04:00,253.73622734962268,254.3656523266213,250.0496214753341,251.25851440429688,40546100,0.0,0.0,259.0148643493652,40.706030869367154,-4.1038146041757955,-3.0760579359630986,-1.0277566682126968,-1
2026-03-24 00:00:00-04:00,250.1195650925759,254.5954370944537,249.32029842391177,251.4083709716797,45152300,0.0,0.0,257.99080657958984,40.94894223484146,-3.985537644126765,-3.257953877595832,-0.727583766530933,-1
2026-03-25 00:00:00-04:00,253.86611511385965,254.76528059453105,251.3684162845015,252.38746643066406,28476700,0.0,0.0,256.9112998962402,42.603406418841125,-3.769346796714899,-3.3602324614196455,-0.40911433529525354,-1
2026-03-26 00:00:00-04:00,251.88793104116345,256.76344411909713,250.53918279672283,252.6572265625,41796700,0.0,0.0,255.90922317504882,43.076620626971774,-3.5354916573515993,-3.3952843006060363,-0.14020735674556306,-1
2026-03-27 00:00:00-04:00,253.666280215245,255.2548282141602,247.8416601166152,248.57098388671875,47900000,0.0,0.0,255.14093093872071,37.969899123917386,-3.6379493923018913,-3.4438173189452073,-0.19413207335668403,-1
2026-03-30 00:00:00-04:00,249.83982057534305,250.63907198816298,245.28400520065438,246.40298461914062,39446200,0.0,0.0,254.23726425170898,35.56112696054627,-3.849710244251497,-3.5249959040064653,-0.3247143402450319,-1
2026-03-31 00:00:00-04:00,247.6818040942864,255.24482803058763,246.87255213324852,253.55638122558594,49598100,0.0,0.0,253.7397216796875,47.41490519791889,-3.4011070770966967,-3.5002181386245117,0.09911106152781501,1
2026-04-01 00:00:00-04:00,253.8461228128272,255.94418062939917,253.096813183035,255.3946990966797,40059400,0.0,0.0,253.3955390930176,49.9623163565045,-2.8642318643713907,-3.3730208837738873,0.5087890194024967,1
2026-04-02 00:00:00-04:00,253.96601496217014,255.89424639361263,250.4192795609811,255.68443298339844,31289400,0.0,0.0,253.17723999023437,50.37039192826749,-2.3878496427615232,-3.1759866355714146,0.7881369928098914,1
2026-04-06 00:00:00-04:00,256.27389167390277,261.9186847371787,256.2239194053331,258.6217041015625,29329900,0.0,0.0,253.24717559814454,54.42800703122019,-1.7530915207605062,-2.8914076126092327,1.1383160918487265,1
2026-04-07 00:00:00-04:00,255.92421782448065,255.96418954301222,245.47383916108728,253.26666259765625,62148000,0.0,0.0,252.9284698486328,46.89960687934861,-1.6629784508916998,-2.6457217802657262,0.9827433293740264,1
2026-04-08 00:00:00-04:00,258.2121146377317,259.51090582044134,256.29386854025813,258.66168212890625,41032800,0.0,0.0,252.83205871582032,53.82857279913775,-1.1430537930783373,-2.3451881828282484,1.202134389749911,1
2026-04-09 00:00:00-04:00,258.7615948993736,260.879638597066,255.8342992320816,260.2502136230469,28121600,0.0,0.0,252.81607360839843,55.66309736095807,-0.5959586993264452,-1.9953422861278878,1.3993835868014426,1
2026-04-10 00:00:00-04:00,259.7406946341393,261.94865175168746,258.78155637925676,260.240234375,31291500,0.0,0.0,253.0518569946289,55.64813887812895,-0.1613274553556039,-1.628539319973431,1.4672118646178272,1
2026-04-13 00:00:00-04:00,259.49093671136296,259.9405042051452,256.4237552437805,258.96142578125,36234700,0.0,0.0,253.50543975830078,53.65816044402859,0.07902086740341474,-1.287027282498062,1.3660481499014767,1
2026-04-14 00:00:00-04:00,259.01136264890187,261.68888841493145,256.9532612999924,258.59173583984375,48370700,0.0,0.0,253.80566177368163,53.067358429760034,0.23693649968186037,-0.9822345260620775,1.2191710257439379,1
2026-04-15 00:00:00-04:00,257.92237663273806,266.3146386359468,257.57269269729437,266.18475341796875,49913500,0.0,0.0,254.41510009765625,62.25879516298293,0.9636702463067763,-0.5930535715883067,1.556723817895083,1
2026-04-16 00:00:00-04:00,266.55439590858066,266.91408037974617,261.0294875448873,263.15753173828125,43323100,0.0,0.0,255.08747940063478,57.42976471821007,1.280578771393266,-0.2183271029919922,1.4989058743852581,1
2026-04-17 00:00:00-04:00,266.7142527536172,272.0493335842862,266.47448343207725,269.98126220703125,61436200,0.0,0.0,256.15,64.17513920556468,2.0586186073995805,0.23706203908632234,1.8215565683132582,1
2026-04-20 00:00:00-04:00,270.08114756253855,274.0275237795767,270.04120633500696,272.79864501953125,36590200,0.0,0.0,257.40184555053713,66.53303711421725,2.869482422847284,0.7635461158385146,2.1059363070087693,1
2026-04-21 00:00:00-04:00,271.250098918132,272.5488901425708,265.1557075406741,265.9250183105469,50209800,0.0,0.0,258.1351707458496,56.72388982047668,2.9237504334033133,1.1955869793514744,1.728163454051839,1
2026-04-22 00:00:00-04:00,267.5734973129919,273.48803128351057,266.62435952726383,272.9185791015625,43249200,0.0,0.0,259.21068115234374,62.742601376572225,3.49083990154503,1.6546375637901856,1.8362023377548444,1
2026-04-23 00:00:00-04:00,274.79681820267325,275.5161566987003,271.39995382845746,273.1783142089844,33399600,0.0,0.0,260.25022354125974,62.948700309902186,3.9160787253073863,2.1069257960936256,1.8091529292137607,1
2026-04-24 00:00:00-04:00,272.50893317942314,272.80864483253174,269.4017800912603,270.81048583984375,38157100,0.0,0.0,261.15788650512695,59.706151362257806,4.015728774588013,2.488686391792503,1.5270423827955097,1
2026-04-27 00:00:00-04:00,265.84505761361925,268.1129570778125,264.8260075108844,267.3636474609375,41466800,0.0,0.0,262.0975196838379,55.244988823054605,3.7730774180194544,2.7455645970378932,1.0275128209815612,1
2026-04-28 00:00:00-04:00,272.0893199684016,272.97851539952296,268.4127145556596,270.4608154296875,40018900,0.0,0.0,263.30041122436523,58.26272702955422,3.787035453337296,2.9538587682977737,0.8331766850395224,1
2026-04-29 00:00:00-04:00,267.3037117460274,270.7905199823619,266.7942019267937,269.92132568359375,30047900,0.0,0.0,264.1186584472656,57.53498904273313,3.7117779177488046,3.10544259818798,0.6063353195608245,1
2026-04-30 00:00:00-04:00,270.25102650288807,275.7459641951834,267.893213328058,271.1002502441406,91848200,0.0,0.0,264.9039360046387,58.747598570460035,3.704561261730248,3.2252663308964338,0.47929493083381436,1
2026-05-01 00:00:00-04:00,278.6032901046287,286.95561044034525,278.1137509144006,279.88214111328125,79915400,0.0,0.0,266.1138214111328,66.43620311292709,4.357239663108942,3.4516609973389354,0.9055786657700065,1
2026-05-04 00:00:00-04:00,279.4025768563376,280.3716851917065,274.60697695873915,276.5751647949219,46668400,0.0,0.0,267.0114944458008,61.767602071657194,4.555137853458348,3.6723563685628178,0.88278148489553,1
2026-05-05 00:00:00-04:00,276.6750995896243,284.30808218316156,276.2455026895375,283.9184265136719,49311700,0.0,0.0,268.54408264160156,67.2680324919735,5.244063149917736,3.9866977248338014,1.2573654250839343,1
2026-05-06 00:00:00-04:00,281.66051049385584,287.76487170009636,280.8112868075762,287.245361328125,58336100,0.0,0.0,269.9732666015625,69.41494511629837,5.989454542314718,4.387249088329985,1.602205453984733,1
2026-05-07 00:00:00-04:00,289.00371711581823,291.8611003514943,285.5169394038565,287.1754150390625,45224300,0.0,0.0,271.3195266723633,69.31201183127726,6.499614994298099,4.809722269523608,1.6898927247744915,1
2026-05-08 00:00:00-04:00,289.7430674686918,294.4886952888782,289.7330669166447,293.0500183105469,52692800,0.0,0.0,272.96001586914065,72.94120326114063,7.293872988371618,5.306552413293209,1.9873205750784084,1
2026-05-11 00:00:00-04:00,291.9800109863281,293.8800048828125,290.2300109863281,292.67999267578125,42247300,0.27,0.0,274.6459442138672,72.36072982530114,7.8035161184095045,5.805945154316468,1.9975709640930361,1
2026-05-12 00:00:00-04:00,292.55999755859375,295.2699890136719,292.55999755859375,294.79998779296875,45748100,0.0,0.0,276.45635681152345,73.65434800204707,8.282996629999332,6.301355449453041,1.9816411805462906,1
2026-05-13 00:00:00-04:00,293.5,300.9200134277344,293.5,298.8699951171875,52684300,0.0,0.0,278.0906188964844,75.97879350333545,8.888937824430457,6.8188719244485245,2.070065899981932,1
2026-05-14 00:00:00-04:00,299.82000732421875,300.45001220703125,295.3800048828125,298.2099914550781,35324900,0.0,0.0,279.8432418823242,74.82587643785273,9.2097297749483,7.29704349454848,1.9126862803998206,1
2026-05-15 00:00:00-04:00,297.8999938964844,303.20001220703125,296.5199890136719,300.2300109863281,54862800,0.0,0.0,281.3556793212891,76.02498490774865,9.517249473431548,7.741084690325094,1.776164783106454,1
2026-05-18 00:00:00-04:00,300.239990234375,300.6600036621094,294.9100036621094,297.8399963378906,34483000,0.0,0.0,282.60774688720704,71.6748702490656,9.45906858748549,8.084681469757173,1.3743871177283165,1
2026-05-19 00:00:00-04:00,296.9700012207031,300.510009765625,296.3500061035156,298.9700012207031,42243600,0.0,0.0,284.25999603271487,72.47674869087098,9.395832458521454,8.34691166751003,1.0489207910114242,1
2026-05-20 00:00:00-04:00,298.17999267578125,302.79998779296875,298.0799865722656,302.25,38229800,0.0,0.0,285.72656707763673,74.71437882636278,9.500865793339472,8.577702492675918,0.9231633006635533,1
2026-05-21 00:00:00-04:00,301.05999755859375,305.5400085449219,300.3999938964844,304.989990234375,42965100,0.0,0.0,287.31715087890626,76.43770014841465,9.693459612325512,8.800853916605837,0.8926056957196753,1
2026-05-22 00:00:00-04:00,306.1199951171875,311.3999938964844,305.8399963378906,308.82000732421875,43670200,0.0,0.0,289.217626953125,78.63015375395858,10.03941385815881,9.048565904916432,0.990847953242378,1
2026-05-26 00:00:00-04:00,309.55999755859375,311.82000732421875,307.6700134277344,308.3299865722656,48000500,0.0,0.0,291.2659439086914,77.63482227250478,10.156961382708175,9.27024500047478,0.886716382233395,1
2026-05-27 00:00:00-04:00,308.3299865722656,313.260009765625,308.29998779296875,310.8500061035156,50430900,0.0,0.0,293.2854034423828,79.10002746434613,10.334335373008003,9.483063074981425,0.8512722980265774,1
2026-05-28 00:00:00-04:00,310.67999267578125,312.79998779296875,309.57000732421875,312.510009765625,48220400,0.0,0.0,295.4148376464844,80.02820901186958,10.487955339901134,9.684041527965366,0.803913811935768,1
2026-05-29 00:00:00-04:00,311.7799987792969,315.0,309.5299987792969,312.05999755859375,70026800,0.0,0.0,297.462825012207,79.00388909459286,10.452893595568128,9.837811941485919,0.6150816540822088,1
2026-06-01 00:00:00-04:00,309.6300048828125,310.94000244140625,305.0199890136719,306.30999755859375,48849900,0.0,0.0,298.78421783447266,67.17304367026426,9.847612814730951,9.839772116134926,0.00784069859602532,1
2026-06-02 00:00:00-04:00,307.4599914550781,315.45001220703125,306.69000244140625,315.20001220703125,44534700,0.0,0.0,300.7154602050781,73.72449714160571,9.970341430591645,9.86588597902627,0.10445545156537506,1
2026-06-03 00:00:00-04:00,314.17999267578125,316.94000244140625,308.8500061035156,310.260009765625,50836700,0.0,0.0,302.0325393676758,65.85891314410154,9.558799935662705,9.804468770353557,-0.24566883469085177,-1
2026-06-04 00:00:00-04:00,313.2300109863281,313.5400085449219,309.6499938964844,311.2300109863281,44869100,0.0,0.0,303.2317718505859,66.61215991682504,9.204813962248465,9.68453780873254,-0.47972384648407385,-1
2026-06-05 00:00:00-04:00,312.8599853515625,315.1700134277344,307.1499938964844,307.3399963378906,65310500,0.0,0.0,304.24000091552733,60.817205340098035,8.512261800726662,9.450082607131364,-0.9378208064047016,-1
2026-06-08 00:00:00-04:00,308.739990234375,317.3999938964844,301.1700134277344,301.5400085449219,77949100,0.0,0.0,304.6645004272461,53.36306127474912,7.4099810319957555,9.042062292104243,-1.632081260108487,-1
2026-06-09 00:00:00-04:00,300.2799987792969,300.75,287.7799987792969,290.54998779296875,70108800,0.0,0.0,304.5580001831055,42.686763727945284,5.585229702697575,8.35069577422291,-2.765466071525335,-1
2026-06-10 00:00:00-04:00,290.739990234375,294.75,287.3800048828125,291.5799865722656,52793300,0.0,0.0,304.3970001220703,43.82118762900823,4.174097028773133,7.515376025132954,-3.3412789963598213,-1
2026-06-11 00:00:00-04:00,293.7200012207031,297.0,289.5899963378906,295.6300048828125,42572500,0.0,0.0,304.23500061035156,48.16571472797585,3.3440190779212458,6.6811046356906125,-3.3370855577693668,-1
2026-06-12 00:00:00-04:00,296.0299987792969,297.1400146484375,289.6199951171875,291.1300048828125,38742100,0.0,0.0,303.8810012817383,44.086162787046376,2.296590266536782,5.804201761859846,-3.507611495323064,-1
